,ticker,type,entry_date,exit_date,pnl_net
0,5009,long,2019-11-05,2019-11-06,-116549.99999999996
1,6146,long,2019-11-05,2019-11-08,-67597.4358974364
2,2408,long,2019-11-06,2019-11-11,-77700.0000000002
3,3081,short,2019-11-08,2019-11-11,-65699.99999999968
4,8436,short,2019-11-11,2019-11-12,-65699.99999999977
5,6187,short,2019-11-11,2019-11-12,-65699.9999999999
6,1565,short,2019-11-12,2019-11-13,-49274.9999999998
7,1326,short,2019-11-12,2019-11-13,-49274.99999999998
8,1301,short,2019-11-12,2019-11-13,-49274.999999999876
9,5289,long,2019-11-06,2019-11-14,147257.2297227658
10,6147,short,2019-11-13,2019-11-14,-65699.99999999977
11,8942,short,2019-11-13,2019-11-14,-65699.9999999999
12,4123,short,2019-11-14,2019-11-15,-49274.99999999961
13,2002,short,2019-11-14,2019-11-15,-49274.99999999956
14,5371,short,2019-11-14,2019-11-18,-49274.9999999997
15,6223,long,2019-11-14,2019-11-20,85915.4691075517
16,5904,long,2019-11-15,2019-11-20,-13154.37061599304
17,6561,long,2019-11-15,2019-11-20,-36603.050847457635
18,6274,long,2019-11-19,2019-11-20,-46620.00000000012
19,2408,long,2019-11-19,2019-11-21,-46620.00000000007
20,6147,short,2019-11-20,2019-11-21,-39419.999999999905
21,2344,long,2019-11-20,2019-11-22,-46620.000000000146
22,2603,long,2019-11-21,2019-11-25,-46619.999999999854
23,1216,long,2019-11-21,2019-11-26,-18005.03277557358
24,5457,long,2019-11-20,2019-11-29,445134.3014452854
25,2379,long,2019-11-20,2019-11-29,40532.70029332235
26,2360,long,2019-11-22,2019-11-29,11978.569289635769
27,2002,short,2019-12-02,2019-12-03,-39419.99999999985
28,3152,long,2019-11-27,2019-12-05,364100.0297149226
29,3081,long,2019-12-05,2019-12-06,-46620.00000000014
30,3324,long,2019-12-03,2019-12-09,169850.93023255808
31,2383,long,2019-12-06,2019-12-12,-46619.99999999994
32,3017,long,2019-12-09,2019-12-13,-46620.00000000026
33,8358,long,2019-11-27,2019-12-17,186993.7805983677
34,1785,long,2019-11-29,2019-12-17,19083.168426903576
35,6182,long,2019-11-29,2019-12-19,176257.1186440675
36,6290,long,2019-12-13,2019-12-19,-46619.999999999876
37,3105,long,2019-12-18,2019-12-19,-46619.99999999982
38,2059,long,2019-12-20,2019-12-24,-9418.391215525895
39,6561,long,2019-12-12,2019-12-25,-46620.00000000017
40,9904,long,2019-12-19,2019-12-26,-997.6133805080008
41,5871,long,2019-12-18,2019-12-31,5095.716151502129
42,2395,long,2019-12-24,2019-12-31,8010.023477420258
43,2059,long,2019-12-27,2020-01-02,26.148036253531245
44,3665,long,2019-12-25,2020-01-03,-18821.971736204876
45,2345,long,2019-12-31,2020-01-03,64825.18141503727
46,1326,short,2020-01-03,2020-01-06,-49274.99999999973
47,3037,long,2020-01-03,2020-01-06,-58274.99999999993
48,2615,long,2019-12-20,2020-01-07,-116549.99999999981
49,8069,long,2019-12-31,2020-01-07,5282.833583208114
50,3630,short,2020-01-07,2020-01-08,-197099.99999999796
51,1326,short,2020-01-08,2020-01-09,-65699.99999999953
52,1216,short,2020-01-08,2020-01-09,-65699.99999999956
53,6180,short,2020-01-08,2020-01-09,-65699.99999999977
54,5009,short,2020-01-09,2020-01-10,-98549.99999999975
55,6505,short,2020-01-14,2020-01-15,-39419.99999999984
56,3037,long,2020-01-13,2020-01-16,34452.48636009359
57,8358,long,2020-01-09,2020-01-17,28735.191256830898
58,2474,long,2020-01-10,2020-01-30,138620.43614858604
59,3078,long,2020-01-14,2020-01-30,-46619.999999999985
60,5904,long,2020-01-15,2020-01-30,-46620.00000000016
61,3231,long,2020-01-16,2020-01-30,-5842.377622377626
62,3211,long,2020-01-17,2020-01-30,108670.84249084223
63,3105,long,2020-01-30,2020-02-03,9177.969794503577
64,6446,short,2020-01-31,2020-02-03,-39419.99999999985
65,2912,short,2020-01-31,2020-02-03,-39419.999999999796
66,4979,short,2020-01-31,2020-02-03,-39419.99999999982
67,8086,long,2020-01-30,2020-02-07,518112.1380005041
68,2059,long,2020-02-04,2020-02-10,15535.896243956999
69,3105,long,2020-02-06,2020-02-10,-58274.99999999992
70,6146,long,2020-02-07,2020-02-12,-58274.99999999993
71,2303,long,2020-02-10,2020-02-14,25685.862361937274
72,6510,long,2020-02-11,2020-02-14,83037.53137588174
73,2449,long,2020-02-12,2020-02-17,-46619.99999999997
74,3529,long,2020-02-14,2020-02-17,-46619.999999999905
75,2454,long,2020-02-14,2020-02-17,-46620.00000000009
76,6561,long,2020-02-12,2020-02-21,-35756.949029566385
77,2912,long,2020-02-17,2020-02-21,-38947.10576314119
78,4938,long,2020-02-17,2020-02-21,-13879.034840943581
79,2801,long,2020-02-07,2020-02-26,20050.30120481865
80,3680,long,2020-02-21,2020-02-26,15949.943904263291
81,2344,long,2020-02-21,2020-02-26,-58275.00000000006
82,1785,long,2020-02-17,2020-02-27,-78276.92930383244
83,3661,long,2020-02-26,2020-02-27,-116550.00000000041
84,5274,long,2020-03-02,2020-03-03,-116550.00000000042
85,8932,short,2020-03-02,2020-03-03,-98549.99999999927
86,2474,short,2020-03-03,2020-03-04,-98549.99999999993
87,1785,short,2020-03-03,2020-03-04,-98549.99999999964
88,3081,long,2020-03-04,2020-03-06,77845.05441559883
89,5457,long,2020-03-04,2020-03-06,-28090.69207994097
90,2317,long,2020-03-05,2020-03-06,-58275.0
91,3037,long,2020-03-05,2020-03-09,-46619.999999999876
92,2454,long,2020-03-06,2020-03-09,-46620.00000000008
93,3211,long,2020-03-06,2020-03-09,-46620.00000000006
94,8086,long,2020-03-06,2020-03-09,-46620.00000000003
95,8069,short,2020-03-09,2020-03-10,-65699.99999999962
96,3105,long,2020-03-09,2020-03-11,-58275.00000000013
97,6182,short,2020-03-10,2020-03-11,-49274.999999999876
98,6180,short,2020-03-10,2020-03-11,-49274.99999999973
99,2412,long,2020-03-06,2020-03-13,-77700.00000000038
100,2383,long,2020-03-12,2020-03-13,-77700.00000000006
101,2449,long,2020-03-12,2020-03-13,-77699.99999999994
102,5314,long,2020-03-19,2020-03-20,-233100.00000000134
103,3131,long,2020-03-27,2020-03-31,-28428.721143275976
104,3661,long,2020-03-27,2020-03-31,-4480.285851935418
105,6669,long,2020-03-27,2020-04-08,166362.7818323534
106,4966,long,2020-03-27,2020-04-09,213769.5143140829
107,2382,long,2020-03-27,2020-04-09,69456.8150127818
108,5904,long,2020-03-31,2020-04-16,441267.03775411396
109,5289,long,2020-04-01,2020-04-21,1794668.02390736
110,3105,short,2020-04-24,2020-04-27,-197099.99999999805
111,6669,long,2020-04-28,2020-05-05,694044.464786605
112,3045,short,2020-05-13,2020-05-14,-65699.99999999983
113,6188,short,2020-05-13,2020-05-14,-65699.99999999967
114,1815,short,2020-05-13,2020-05-14,-65699.99999999994
115,9910,short,2020-05-14,2020-05-15,-39419.999999999876
116,6643,short,2020-05-14,2020-05-15,-39419.9999999998
117,3260,short,2020-05-14,2020-05-15,-39419.9999999996
118,2615,short,2020-05-14,2020-05-15,-39419.99999999974
119,2360,short,2020-05-14,2020-05-18,-48768.787061994524
120,3665,short,2020-05-15,2020-05-18,-39419.999999999905
121,2105,short,2020-05-15,2020-05-18,-39419.99999999983
122,5371,short,2020-05-15,2020-05-18,-39419.99999999983
123,3611,short,2020-05-18,2020-05-19,-39419.999999999854
124,3491,short,2020-05-18,2020-05-19,-39419.99999999987
125,8436,short,2020-05-15,2020-05-20,-39419.99999999971
126,6462,short,2020-05-18,2020-05-20,-138074.16387586514
127,3081,short,2020-05-19,2020-05-20,-39419.99999999979
128,3105,short,2020-05-19,2020-05-20,-39419.999999999745
129,2207,short,2020-05-18,2020-05-21,-132641.1281862518
130,2317,short,2020-05-20,2020-05-21,-39419.99999999973
131,3008,short,2020-05-20,2020-05-22,-39419.99999999987
132,1565,short,2020-05-20,2020-05-22,-47580.57995868536
133,5483,short,2020-05-21,2020-05-22,-39419.99999999984
134,8942,short,2020-05-21,2020-05-22,-39419.99999999988
135,1785,short,2020-05-22,2020-05-25,-65699.99999999968
136,5009,short,2020-05-22,2020-05-25,-65699.9999999998
137,5263,short,2020-05-25,2020-05-26,-39419.9999999999
138,6462,short,2020-05-25,2020-05-26,-39419.99999999999
139,1326,short,2020-05-25,2020-05-26,-39419.999999999796
140,1301,short,2020-05-25,2020-05-27,-65699.99999999977
141,2207,short,2020-05-26,2020-05-27,-65699.99999999936
142,6462,short,2020-05-27,2020-05-28,-98549.99999999923
143,6505,short,2020-05-28,2020-05-29,-65699.99999999985
144,3293,long,2020-05-28,2020-05-29,-77699.99999999985
145,2882,short,2020-05-29,2020-06-01,-98549.99999999921
146,6147,short,2020-05-20,2020-06-09,-196874.5316159255
147,5483,short,2020-06-01,2020-06-09,-291448.7809509345
148,3105,long,2020-06-02,2020-06-11,180270.05632040076
149,6488,long,2020-06-04,2020-06-11,125424.93110914281
150,8436,short,2020-06-10,2020-06-11,-49274.99999999962
151,3611,short,2020-06-10,2020-06-11,-49274.99999999985
152,1565,short,2020-06-11,2020-06-12,-65699.99999999987
153,6462,short,2020-06-11,2020-06-12,-65699.99999999983
154,5263,short,2020-06-11,2020-06-12,-65699.99999999942
155,3045,short,2020-06-12,2020-06-15,-65699.99999999983
156,2603,short,2020-06-12,2020-06-15,-65699.99999999937
157,6505,short,2020-06-15,2020-06-16,-39419.99999999966
158,1402,short,2020-06-15,2020-06-16,-39419.999999999716
159,8299,short,2020-06-16,2020-06-17,-39419.99999999973
160,1326,short,2020-06-16,2020-06-17,-39419.99999999986
161,3630,short,2020-06-15,2020-06-18,-50575.77889447232
162,8942,short,2020-06-17,2020-06-18,-39419.99999999997
163,2105,short,2020-06-17,2020-06-18,-39419.99999999988
164,6173,short,2020-06-15,2020-06-19,-65699.99999999965
165,3363,short,2020-06-12,2020-06-22,-609546.9184890656
166,5876,short,2020-06-19,2020-06-22,-65699.99999999965
167,4904,short,2020-06-22,2020-06-23,-98549.99999999935
168,2801,short,2020-06-23,2020-06-24,-65699.99999999956
169,2105,short,2020-06-23,2020-06-24,-65699.99999999953
170,2912,long,2020-06-18,2020-06-29,-173722.4218909532
171,2912,short,2020-06-30,2020-07-01,-197099.99999999936
172,3711,short,2020-07-02,2020-07-03,-65699.99999999942
173,5289,long,2020-07-06,2020-07-10,49515.13724876812
174,1815,short,2020-07-08,2020-07-10,-39419.99999999958
175,1301,short,2020-07-10,2020-07-13,-49274.99999999946
176,3227,long,2020-07-01,2020-07-14,741379.9999999999
177,5371,short,2020-07-01,2020-07-14,-194981.66738289647
178,6462,short,2020-07-13,2020-07-14,-39419.99999999959
179,1326,short,2020-07-13,2020-07-14,-39419.99999999988
180,3008,short,2020-07-14,2020-07-15,-65699.99999999965
181,1303,short,2020-07-14,2020-07-15,-65699.99999999964
182,1102,long,2020-07-03,2020-07-16,53336.48692282864
183,3363,short,2020-07-15,2020-07-16,-65699.99999999977
184,5274,long,2020-07-15,2020-07-17,-94346.3870016324
185,8942,short,2020-07-16,2020-07-17,-98549.99999999953
186,5371,short,2020-07-21,2020-07-22,-49274.99999999985
187,2105,short,2020-07-22,2020-07-23,-49274.99999999962
188,9910,long,2020-07-17,2020-07-24,-66902.61669024067
189,6188,short,2020-07-21,2020-07-24,-65699.99999999948
190,5536,long,2020-07-20,2020-07-28,-101261.12388617409
191,6462,short,2020-07-27,2020-07-28,-98549.99999999943
192,2408,short,2020-07-28,2020-07-29,-98549.99999999971
193,4736,long,2020-07-30,2020-08-06,41453.91460351604
194,6274,long,2020-07-28,2020-08-07,-3412.576623863384
195,9910,long,2020-08-04,2020-08-07,96221.7473188595
196,6290,long,2020-08-04,2020-08-07,12141.98856137276
197,2301,long,2020-08-03,2020-08-10,-12397.539506514939
198,6173,long,2020-08-06,2020-08-11,3762.7811774635466
199,3008,long,2020-08-07,2020-08-11,-46620.00000000012
200,3081,long,2020-08-10,2020-08-11,-46620.00000000006
201,2474,long,2020-08-10,2020-08-11,-46619.99999999999
202,2059,short,2020-08-11,2020-08-12,-49274.99999999994
203,5263,short,2020-08-11,2020-08-12,-49274.999999999636
204,6462,short,2020-08-12,2020-08-13,-49274.99999999951
205,5439,long,2020-08-11,2020-08-14,10187.206776715699
206,5274,long,2020-08-17,2020-08-18,-46619.99999999994
207,3665,long,2020-08-07,2020-08-20,197057.48388530745
208,1102,long,2020-08-12,2020-08-20,100785.13504501495
209,2883,long,2020-08-14,2020-08-20,-36488.571428571435
210,1402,long,2020-08-18,2020-08-20,-46620.00000000016
211,6173,short,2020-08-21,2020-08-24,-49274.999999999745
212,8942,short,2020-08-21,2020-08-24,-49274.99999999949
213,2002,short,2020-08-24,2020-08-25,-65699.99999999956
214,2345,long,2020-08-25,2020-08-26,-77700.00000000009
215,1326,short,2020-08-26,2020-08-27,-49274.99999999972
216,6290,long,2020-08-26,2020-08-28,-77700.00000000032
217,1785,long,2020-08-28,2020-08-31,-58275.000000000095
218,9904,short,2020-08-21,2020-09-02,-68536.61413777566
219,3680,long,2020-08-28,2020-09-02,-46619.99999999999
220,4162,long,2020-08-31,2020-09-03,-46620.00000000006
221,3105,long,2020-08-31,2020-09-07,2933.9769418885753
222,3152,long,2020-09-02,2020-09-07,-18615.906595962697
223,6643,long,2020-09-03,2020-09-07,-46619.99999999999
224,6173,short,2020-09-08,2020-09-09,-49274.99999999982
225,3227,long,2020-09-08,2020-09-10,7323.624161073843
226,2454,long,2020-09-09,2020-09-17,40767.50266581383
227,2317,long,2020-09-10,2020-09-17,-19544.315121498337
228,2883,long,2020-09-02,2020-09-21,7960.086580086649
229,6488,long,2020-09-09,2020-09-21,40696.00547195617
230,4736,long,2020-09-17,2020-09-21,-46619.999999999905
231,3529,long,2020-09-17,2020-09-21,-46620.00000000014
232,2412,long,2020-08-13,2020-09-23,-46620.0000000002
233,5880,long,2020-09-21,2020-09-23,-46620.00000000002
234,6121,long,2020-09-21,2020-09-23,-46619.99999999996
235,3653,long,2020-09-22,2020-09-24,15170.119620941216
236,8942,short,2020-09-23,2020-09-24,-39419.999999999694
237,6173,short,2020-09-23,2020-09-24,-39419.999999999956
238,2002,short,2020-09-23,2020-09-24,-39419.99999999997
239,3661,long,2020-09-21,2020-09-25,51612.08595895952
240,6290,short,2020-09-24,2020-09-25,-65699.99999999945
241,2344,short,2020-09-24,2020-09-25,-65699.99999999972
242,1301,short,2020-09-29,2020-09-30,-49274.9999999996
243,5904,long,2020-09-28,2020-10-05,23751.124155831705
244,2345,long,2020-09-30,2020-10-05,-58274.99999999995
245,3231,long,2020-09-29,2020-10-07,-13786.666666666688
246,3227,long,2020-10-05,2020-10-08,-27179.210526315517
247,2327,long,2020-10-05,2020-10-12,10031.02346480298
248,2207,long,2020-10-05,2020-10-13,19752.93914936094
249,5904,long,2020-10-07,2020-10-14,71342.10701644814
250,4966,long,2020-10-08,2020-10-14,36692.146523095515
251,2360,long,2020-10-13,2020-10-15,-39050.97542814631
252,6121,long,2020-10-12,2020-10-19,115579.63458024812
253,2368,long,2020-10-15,2020-10-21,279041.6629289073
254,2912,short,2020-10-22,2020-10-23,-39419.99999999987
255,5425,short,2020-09-25,2020-10-26,-593378.5010839272
256,5371,long,2020-10-14,2020-10-27,-6432.894736842199
257,4979,long,2020-10-22,2020-10-27,-52616.24856376883
258,3293,long,2020-10-23,2020-10-27,-58274.999999999935
259,5483,long,2020-10-14,2020-10-28,35566.529826811726
260,2912,short,2020-10-27,2020-10-28,-39419.99999999968
261,2887,long,2020-10-27,2020-10-29,-48414.04338153554
262,2408,short,2020-10-28,2020-10-29,-49274.999999999854
263,5880,long,2020-10-27,2020-10-30,-41688.150208623316
264,3611,short,2020-10-29,2020-10-30,-39419.99999999983
265,3665,long,2020-10-27,2020-11-02,-13928.665705590109
266,6643,short,2020-10-30,2020-11-02,-39419.99999999978
267,6173,short,2020-10-30,2020-11-02,-39419.999999999716
268,3611,short,2020-11-02,2020-11-03,-49274.9999999998
269,1326,short,2020-11-02,2020-11-03,-49274.99999999978
270,2357,long,2020-10-29,2020-11-10,6391.241163518072
271,2885,long,2020-11-04,2020-11-12,69877.34647460216
272,5880,long,2020-11-04,2020-11-12,49903.18339100343
273,3680,long,2020-11-10,2020-11-17,152193.46899224794
274,2383,long,2020-11-12,2020-11-18,107992.49150366278
275,4938,long,2020-11-13,2020-11-30,41790.55474755851
276,3211,long,2020-10-29,2020-12-01,117217.15205453483
277,3163,long,2020-11-20,2020-12-01,33097.96443899454
278,2912,short,2020-12-01,2020-12-02,-39419.99999999965
279,5876,short,2020-12-01,2020-12-02,-39419.9999999997
280,2633,short,2020-12-02,2020-12-03,-39419.99999999989
281,1565,short,2020-12-03,2020-12-04,-39419.999999999905
282,4123,long,2020-12-02,2020-12-07,-46619.999999999876
283,6462,short,2020-12-04,2020-12-07,-39419.999999999935
284,2887,long,2020-11-04,2020-12-08,56386.86252771631
285,5263,short,2020-12-08,2020-12-09,-39419.999999999825
286,2382,long,2020-11-17,2020-12-10,150519.22261484087
287,3008,short,2020-11-30,2020-12-10,-147016.64900919108
288,5314,long,2020-12-07,2020-12-10,51065.9504132234
289,1565,short,2020-12-11,2020-12-14,-65699.99999999955
290,3293,long,2020-12-09,2020-12-15,-6216.1764705887745
291,3008,short,2020-12-14,2020-12-15,-49274.99999999948
292,3491,short,2020-12-14,2020-12-15,-49274.999999999985
293,4966,long,2020-12-08,2020-12-17,482561.9721261664
294,4162,short,2020-12-16,2020-12-17,-65699.99999999968
295,2059,short,2020-12-17,2020-12-18,-98549.99999999905
296,4123,long,2020-12-15,2020-12-22,208897.39004349915
297,4904,short,2020-12-21,2020-12-22,-65699.99999999987
298,6446,short,2020-12-23,2020-12-24,-49274.99999999968
299,5904,long,2020-12-22,2020-12-25,-46619.99999999988
300,5876,short,2020-12-24,2020-12-25,-39419.999999999534
301,1216,short,2020-12-24,2020-12-25,-39419.999999999825
302,4904,short,2020-12-25,2020-12-28,-65699.99999999974
303,2884,long,2020-12-22,2021-01-05,18575.808052950826
304,2892,long,2020-12-30,2021-01-06,-46619.999999999935
305,2207,long,2020-12-31,2021-01-06,-35592.24582783398
306,3227,long,2021-01-05,2021-01-06,-46620.000000000226
307,3045,short,2021-01-07,2021-01-08,-39419.99999999966
308,1216,short,2021-01-08,2021-01-11,-39419.99999999987
309,1785,long,2021-01-06,2021-01-12,187655.8985200847
310,6223,long,2021-01-11,2021-01-12,-46619.99999999994
311,3227,long,2021-01-12,2021-01-15,103953.24840764323
312,5880,long,2020-12-30,2021-01-18,-50373.93048128352
313,2912,short,2021-01-18,2021-01-19,-39419.99999999991
314,2880,short,2021-01-18,2021-01-19,-39419.99999999979
315,2412,long,2020-12-18,2021-01-20,7427.713717693634
316,5536,long,2021-01-12,2021-01-20,-33915.86056644887
317,3045,short,2021-01-19,2021-01-20,-39419.99999999959
318,4904,short,2021-01-19,2021-01-20,-39419.999999999905
319,5904,long,2021-01-06,2021-01-21,-116549.99999999975
320,5876,short,2021-01-20,2021-01-21,-98549.99999999942
321,3491,short,2021-01-26,2021-01-27,-98549.99999999968
322,6290,long,2021-01-26,2021-01-27,-116550.00000000015
323,5904,long,2021-01-28,2021-02-03,-116549.99999999975
324,1815,long,2021-02-04,2021-02-23,263224.660194175
325,8932,long,2021-02-04,2021-02-23,-40797.33990147733
326,3131,long,2021-02-23,2021-02-24,-46619.99999999993
327,1785,long,2021-02-23,2021-02-24,-46620.00000000007
328,5536,long,2021-02-02,2021-02-26,152272.52518615907
329,9904,long,2021-02-03,2021-02-26,115403.61609003751
330,3078,long,2021-02-04,2021-02-26,1193058.1242158094
331,5314,long,2021-03-02,2021-03-04,184966.66666666654
332,5314,long,2021-03-04,2021-03-08,16109.523809523962
333,5289,long,2021-03-03,2021-03-09,-53675.60975609791
334,4736,short,2021-03-08,2021-03-09,-65699.99999999939
335,3491,short,2021-03-09,2021-03-10,-98549.9999999992
336,8932,long,2021-03-11,2021-03-12,-58274.99999999987
337,8436,short,2021-03-15,2021-03-16,-39419.9999999996
338,3008,short,2021-03-16,2021-03-17,-39419.99999999956
339,3374,long,2021-03-15,2021-03-22,-26107.744632339003
340,2345,long,2021-03-17,2021-03-22,24615.513553842502
341,3611,long,2021-03-10,2021-03-23,193991.56542056083
342,5457,short,2021-03-22,2021-03-23,-39419.99999999959
343,5347,long,2021-03-22,2021-03-24,-46619.99999999993
344,2912,short,2021-03-23,2021-03-24,-39419.999999999774
345,3045,short,2021-03-23,2021-03-24,-39419.9999999996
346,6510,long,2021-03-24,2021-03-25,-46620.0
347,2633,short,2021-03-24,2021-03-25,-39419.99999999987
348,2801,short,2021-03-24,2021-03-25,-39419.999999999825
349,6187,long,2021-03-25,2021-03-29,-36171.64970706159
350,3363,short,2021-03-26,2021-03-29,-39419.99999999967
351,4979,short,2021-03-29,2021-03-30,-39419.999999999585
352,6561,short,2021-03-26,2021-03-31,-39419.99999999984
353,3680,long,2021-03-29,2021-03-31,-46619.999999999854
354,8436,short,2021-03-31,2021-04-01,-39419.99999999988
355,2912,short,2021-04-01,2021-04-06,-39419.99999999988
356,4966,long,2021-03-30,2021-04-07,-46619.999999999796
357,3653,long,2021-04-07,2021-04-08,-46619.99999999986
358,6180,long,2021-03-11,2021-04-09,56546.34881643597
359,5274,long,2021-03-31,2021-04-09,327171.95610977634
360,2633,short,2021-04-09,2021-04-12,-39419.99999999982
361,3491,long,2021-04-09,2021-04-13,-24509.877809624995
362,3045,short,2021-04-12,2021-04-13,-39419.99999999976
363,6462,short,2021-04-13,2021-04-14,-49274.99999999947
364,2330,long,2021-04-06,2021-04-19,-19545.279830285566
365,4966,long,2021-04-19,2021-04-20,-58275.00000000034
366,6505,long,2021-04-09,2021-04-21,74036.31422699227
367,3037,long,2021-04-20,2021-04-22,-46620.000000000124
368,2368,long,2021-04-22,2021-04-27,87469.61996596718
369,5904,long,2021-04-21,2021-04-28,35976.298775615964
370,2360,long,2021-04-20,2021-04-29,196327.7571195355
371,2327,long,2021-04-27,2021-04-29,-58275.000000000146
372,2412,long,2021-02-24,2021-05-03,180451.3253810469
373,4938,long,2021-04-19,2021-05-03,-76019.40985381654
374,2395,long,2021-05-03,2021-05-04,-233099.99999999936
375,2633,short,2021-05-04,2021-05-05,-98549.99999999964
376,2801,short,2021-05-04,2021-05-05,-98549.99999999916
377,2207,short,2021-05-06,2021-05-07,-197099.99999999802
378,2207,short,2021-05-12,2021-05-13,-197099.99999999936
379,3293,long,2021-05-18,2021-05-19,-116549.9999999999
380,6180,long,2021-05-18,2021-05-19,-116550.00000000001
381,2360,long,2021-05-20,2021-05-26,42504.02471755799
382,2368,long,2021-05-20,2021-05-27,172480.0209687567
383,9904,long,2021-05-21,2021-05-31,100635.19089082384
384,6643,long,2021-05-26,2021-06-01,-32732.526890617315
385,6669,long,2021-05-27,2021-06-01,-5268.460508701362
386,3034,long,2021-05-31,2021-06-01,-46620.00000000003
387,2454,long,2021-06-01,2021-06-02,-46619.99999999993
388,8299,long,2021-06-01,2021-06-02,-46619.99999999996
389,3481,long,2021-06-01,2021-06-02,-46620.00000000008
390,2449,long,2021-06-02,2021-06-03,-46620.0000000001
391,2382,long,2021-06-02,2021-06-07,-46619.99999999997
392,6561,short,2021-06-09,2021-06-10,-39419.99999999984
393,4938,long,2021-05-21,2021-06-11,-5623.457016899453
394,6505,long,2021-06-02,2021-06-11,53399.232027868726
395,6180,short,2021-06-11,2021-06-15,-49274.9999999997
396,6561,short,2021-06-11,2021-06-15,-49274.99999999968
397,4904,long,2021-06-03,2021-06-18,-41820.66021627828
398,2308,long,2021-05-24,2021-06-21,256572.36616201018
399,2382,long,2021-06-16,2021-06-22,-77700.00000000044
400,8932,long,2021-06-21,2021-06-23,-4905.542725173491
401,3008,short,2021-06-22,2021-06-24,-65699.99999999981
402,6446,short,2021-06-23,2021-06-25,-49274.9999999998
403,3081,short,2021-06-25,2021-06-30,-81897.4805282762
404,2449,long,2021-06-24,2021-07-01,92104.04453806802
405,3034,long,2021-07-01,2021-07-02,-46619.999999999876
406,2317,long,2021-06-25,2021-07-07,37000.685947747224
407,6187,long,2021-07-07,2021-07-08,-46619.99999999988
408,1326,long,2021-06-30,2021-07-09,11943.170933113
409,2357,long,2021-07-08,2021-07-09,-46620.000000000146
410,1216,long,2021-06-21,2021-07-12,3040.26104417685
411,6462,short,2021-07-09,2021-07-12,-49274.99999999967
412,3008,short,2021-07-12,2021-07-13,-39419.99999999998
413,4162,long,2021-07-12,2021-07-13,-46619.99999999988
414,3630,short,2021-07-12,2021-07-13,-39419.99999999993
415,2633,short,2021-07-13,2021-07-14,-49274.99999999987
416,2454,long,2021-07-02,2021-07-19,48426.201897577965
417,6187,long,2021-07-13,2021-07-19,184202.7049754727
418,6180,long,2021-07-14,2021-07-20,-16766.63879598704
419,3152,long,2021-07-19,2021-07-20,-58275.000000000204
420,4123,long,2021-07-20,2021-07-21,-77699.99999999996
421,3491,short,2021-07-21,2021-07-22,-65699.99999999974
422,2633,short,2021-07-22,2021-07-26,-65699.9999999995
423,6121,long,2021-07-14,2021-07-28,90166.27062299925
424,5314,short,2021-07-27,2021-07-29,-63517.56097560964
425,2105,long,2021-07-28,2021-07-30,-22404.05315614598
426,3163,short,2021-07-30,2021-08-02,-39419.999999999716
427,3293,long,2021-07-26,2021-08-03,49543.20058547293
428,6462,short,2021-07-29,2021-08-03,-39419.99999999957
429,2474,short,2021-08-02,2021-08-03,-39419.99999999969
430,3034,long,2021-07-28,2021-08-06,339360.1096756208
431,8299,long,2021-08-03,2021-08-06,118857.00873086184
432,5347,long,2021-08-03,2021-08-06,439821.7291303011
433,1301,long,2021-08-03,2021-08-10,-19282.300474921663
434,2633,short,2021-08-09,2021-08-10,-65699.9999999995
435,3491,short,2021-08-16,2021-08-17,-49274.999999999745
436,2059,long,2021-08-10,2021-08-18,-10985.709509879829
437,6446,short,2021-08-17,2021-08-18,-39419.9999999997
438,4904,long,2021-08-12,2021-08-20,-58275.00000000003
439,5314,short,2021-08-17,2021-08-20,-49274.9999999998
440,2603,long,2021-08-23,2021-08-24,-77699.99999999997
441,6669,long,2021-08-24,2021-08-26,-19215.62224309505
442,3661,long,2021-08-24,2021-08-26,79916.83351730103
443,2615,long,2021-08-24,2021-08-26,127689.84442410781
444,6182,long,2021-08-26,2021-08-27,-46619.99999999994
445,2884,long,2021-06-24,2021-09-01,218560.22328548678
446,2357,long,2021-08-19,2021-09-02,52197.04218194136
447,6488,long,2021-08-26,2021-09-02,103112.47770647511
448,5274,long,2021-08-27,2021-09-02,57286.81872347322
449,6446,short,2021-09-01,2021-09-06,-140108.26229508175
450,2379,long,2021-09-02,2021-09-06,-46620.000000000175
451,8299,long,2021-09-02,2021-09-06,-43794.180327869166
452,3529,long,2021-08-26,2021-09-08,637445.6255424493
453,2345,long,2021-09-07,2021-09-08,-77700.00000000009
454,4736,long,2021-09-02,2021-09-09,290260.0712321051
455,6446,long,2021-09-13,2021-09-14,-46620.00000000007
456,3324,short,2021-09-09,2021-09-15,-39419.99999999982
457,8299,long,2021-09-13,2021-09-15,-46620.00000000003
458,8069,long,2021-09-13,2021-09-15,-28455.708298407677
459,8436,long,2021-09-15,2021-09-16,-46620.00000000003
460,5009,long,2021-09-14,2021-09-17,-24148.517110266243
461,8932,long,2021-09-08,2021-09-22,34068.749999999825
462,3611,long,2021-09-15,2021-09-22,-58274.99999999989
463,2603,long,2021-09-22,2021-09-27,123613.98992212547
464,6274,long,2021-09-22,2021-09-27,91945.76177285345
465,2615,long,2021-09-27,2021-09-28,-46620.00000000016
466,3653,long,2021-09-15,2021-09-29,186274.16527188523
467,2801,short,2021-09-22,2021-09-29,-39419.99999999977
468,6187,long,2021-09-27,2021-09-29,-36208.960657663265
469,5425,long,2021-09-28,2021-09-29,-46620.0
470,6505,long,2021-09-29,2021-09-30,-116549.99999999983
471,3665,short,2021-09-30,2021-10-01,-65699.99999999939
472,5457,short,2021-09-30,2021-10-01,-65699.99999999972
473,6446,short,2021-10-01,2021-10-04,-65699.99999999953
474,5425,long,2021-10-01,2021-10-04,-77699.9999999999
475,6510,short,2021-10-06,2021-10-12,-206933.67781155006
476,5289,long,2021-10-08,2021-10-12,-46619.99999999986
477,3363,short,2021-10-04,2021-10-13,-175476.12244897973
478,1815,long,2021-10-12,2021-10-13,-46619.999999999985
479,8069,long,2021-10-13,2021-10-14,-46620.00000000024
480,2317,long,2021-10-12,2021-10-18,54682.97957817199
481,5371,long,2021-10-13,2021-10-25,132277.29729729725
482,6643,long,2021-10-25,2021-10-26,-46620.00000000018
483,2382,short,2021-10-26,2021-10-27,-39419.999999999796
484,8942,long,2021-10-08,2021-10-28,10150.276393294338
485,2330,long,2021-10-18,2021-10-29,-6587.64266892714
486,3611,long,2021-10-14,2021-11-02,-46620.00000000008
487,2382,short,2021-11-01,2021-11-02,-39419.99999999972
488,5347,long,2021-10-28,2021-11-03,335521.1456739764
489,6510,short,2021-11-04,2021-11-05,-49274.99999999984
490,6290,short,2021-11-05,2021-11-08,-39419.99999999988
491,2615,long,2021-10-27,2021-11-09,525038.5871923035
492,6146,short,2021-11-08,2021-11-09,-39419.999999999905
493,5904,short,2021-11-05,2021-11-11,-39419.99999999966
494,3211,short,2021-11-10,2021-11-11,-39419.99999999989
495,3227,short,2021-11-11,2021-11-12,-39419.99999999974
496,3630,short,2021-11-11,2021-11-12,-39419.999999999614
497,4162,short,2021-11-12,2021-11-15,-39419.99999999969
498,1402,long,2021-11-09,2021-11-16,-26770.33986405458
499,6223,short,2021-11-12,2021-11-16,-141955.93489557784
500,5457,short,2021-11-15,2021-11-17,-39419.999999999556
501,6290,short,2021-11-17,2021-11-18,-39419.99999999973
502,2412,long,2021-09-16,2021-11-19,34599.07330061611
503,2301,long,2021-11-16,2021-11-19,-58274.99999999994
504,5904,short,2021-11-22,2021-11-23,-39419.99999999966
505,3680,short,2021-11-22,2021-11-23,-39419.999999999825
506,6561,short,2021-11-22,2021-11-23,-39419.999999999774
507,3045,long,2021-11-04,2021-11-24,6169.887586701516
508,3374,short,2021-11-23,2021-11-24,-65699.99999999974
509,2308,short,2021-11-24,2021-11-25,-98549.99999999929
510,1303,long,2021-11-16,2021-11-26,-82089.35860058253
511,2002,long,2021-11-25,2021-11-26,-116550.00000000012
512,3163,short,2021-11-26,2021-11-29,-197099.99999999767
513,1565,short,2021-11-29,2021-11-30,-39419.999999999716
514,3152,short,2021-11-29,2021-11-30,-39419.99999999985
515,3630,short,2021-11-29,2021-11-30,-39419.99999999957
516,3227,short,2021-11-29,2021-11-30,-39419.999999999774
517,6187,short,2021-11-30,2021-12-01,-65699.99999999936
518,3078,short,2021-11-30,2021-12-01,-65699.99999999962
519,4979,short,2021-11-29,2021-12-02,-265700.56657223706
520,3264,long,2021-12-06,2021-12-07,-58274.99999999995
521,5871,long,2021-12-06,2021-12-09,17854.894131881196
522,3081,short,2021-12-07,2021-12-09,-39419.99999999987
523,6147,short,2021-12-09,2021-12-10,-39419.99999999966
524,2615,long,2021-12-03,2021-12-13,614528.5218001581
525,9910,long,2021-12-09,2021-12-13,-46619.99999999996
526,9904,long,2021-12-10,2021-12-13,-46619.99999999997
527,3374,short,2021-12-13,2021-12-14,-39419.99999999982
528,3711,short,2021-12-13,2021-12-14,-39419.9999999997
529,2301,long,2021-12-07,2021-12-15,4066.77215189836
530,6274,short,2021-12-15,2021-12-16,-49274.99999999973
531,5439,long,2021-12-16,2021-12-20,-44184.7844745374
532,2360,long,2021-12-20,2021-12-29,226762.8661762024
533,1815,long,2021-12-14,2021-12-30,157062.49660786998
534,2002,long,2021-12-02,2022-01-03,78279.9300209937
535,4938,long,2021-12-13,2022-01-04,29459.273520133793
536,2207,long,2021-12-29,2022-01-17,-45894.54061736871
537,2633,long,2021-12-30,2022-01-17,-77699.99999999988
538,1303,long,2021-12-20,2022-01-21,458236.27437028533
539,00686R,long,2022-06-15,2022-06-21,195268.42105263317
540,00686R,long,2022-08-25,2022-08-31,9609.81675392676
541,00632R,long,2022-08-25,2022-09-12,138398.59154929552
542,00676R,long,2022-08-25,2022-09-12,154375.82938388572
543,00664R,long,2022-08-25,2022-09-12,138635.9253499219
544,4123,short,2023-01-03,2023-01-04,-98549.99999999946
545,4162,long,2023-01-04,2023-01-05,-116549.9999999999
546,3661,long,2023-01-05,2023-01-06,-46620.00000000003
547,2615,short,2023-01-05,2023-01-06,-39419.99999999983
548,4736,short,2023-01-05,2023-01-06,-39419.99999999963
549,2301,long,2023-01-03,2023-01-11,23249.809610154196
550,2207,long,2023-01-06,2023-01-11,53963.145464304944
551,3529,long,2023-01-09,2023-01-11,-30799.856411382803
552,2474,long,2023-01-05,2023-01-12,36088.96316797962
553,2368,long,2023-01-11,2023-01-12,-46619.99999999985
554,3324,short,2023-01-13,2023-01-16,-49274.99999999951
555,1565,short,2023-01-16,2023-01-17,-39419.99999999983
556,5371,short,2023-01-16,2023-01-17,-39419.99999999982
557,3078,short,2023-01-17,2023-01-30,-49274.9999999999
558,2382,short,2023-01-06,2023-01-31,-115599.64458804537
559,6446,long,2023-01-30,2023-02-06,53657.06755937042
560,2308,long,2023-01-30,2023-02-07,74920.71808904033
561,1326,short,2023-02-07,2023-02-08,-39419.99999999984
562,3008,long,2023-02-02,2023-02-09,-19999.94618469823
563,4162,long,2023-02-07,2023-02-09,-7525.540502663007
564,3105,short,2023-02-08,2023-02-09,-39419.99999999979
565,2883,short,2023-02-09,2023-02-10,-65699.99999999962
566,4966,short,2023-02-13,2023-02-14,-39419.99999999991
567,2615,short,2023-02-13,2023-02-14,-39419.99999999971
568,8086,short,2023-02-14,2023-02-15,-39419.9999999999
569,3374,short,2023-02-15,2023-02-17,-39419.999999999774
570,3081,short,2023-02-17,2023-02-20,-39419.99999999985
571,6561,long,2023-01-11,2023-02-21,281426.9755191915
572,4123,short,2023-02-20,2023-02-21,-39419.99999999989
573,6290,long,2023-01-11,2023-02-22,1433744.4903012787
574,3078,short,2023-02-14,2023-02-23,-731979.2379471235
575,2886,short,2023-02-10,2023-02-24,-91166.6046758764
576,6182,short,2023-02-23,2023-02-24,-49274.99999999949
577,8086,short,2023-02-23,2023-02-24,-49274.99999999989
578,1326,long,2023-02-23,2023-03-01,-46619.999999999825
579,2882,short,2023-02-24,2023-03-01,-39419.999999999614
580,2884,short,2023-02-24,2023-03-01,-39419.999999999614
581,5314,short,2023-02-24,2023-03-02,-127172.72727272737
582,3045,short,2023-03-02,2023-03-03,-39419.99999999995
583,2317,short,2023-03-02,2023-03-03,-39419.99999999975
584,6505,short,2023-03-03,2023-03-06,-39419.99999999976
585,3037,short,2023-03-01,2023-03-09,-93313.49112426022
586,1402,long,2023-03-01,2023-03-09,-6224.129583481742
587,2059,short,2023-03-08,2023-03-09,-39419.99999999976
588,1815,short,2023-03-03,2023-03-10,-72065.13157894755
589,6187,short,2023-03-09,2023-03-10,-65699.99999999948
590,6505,short,2023-03-10,2023-03-13,-98549.99999999981
591,3037,short,2023-03-13,2023-03-14,-39419.999999999854
592,2317,short,2023-03-13,2023-03-14,-39419.99999999967
593,6182,short,2023-03-13,2023-03-14,-39419.9999999999
594,1815,short,2023-03-13,2023-03-14,-39419.999999999796
595,2357,short,2023-03-14,2023-03-15,-98549.99999999932
596,2615,short,2023-03-15,2023-03-16,-49274.99999999987
597,2368,short,2023-03-15,2023-03-16,-49274.999999999825
598,2105,short,2023-03-15,2023-03-16,-49274.999999999876
599,3374,short,2023-03-17,2023-03-20,-98549.99999999948
600,2603,short,2023-03-21,2023-03-22,-98549.9999999999
601,2308,long,2023-03-23,2023-03-29,1504.3162965915562
602,2912,long,2023-02-24,2023-04-06,10943.027994037082
603,2207,long,2023-03-24,2023-04-06,13819.663302015262
604,4979,long,2023-03-29,2023-04-07,-12149.324594757025
605,3665,short,2023-04-07,2023-04-10,-39419.99999999977
606,6182,short,2023-04-07,2023-04-11,-39419.99999999991
607,5483,long,2023-04-06,2023-04-13,23119.248528745928
608,8358,long,2023-04-10,2023-04-13,-46620.000000000015
609,3037,short,2023-04-13,2023-04-14,-49274.99999999966
610,2002,long,2023-03-22,2023-04-17,-33979.008221993965
611,6173,long,2023-04-11,2023-04-17,9783.382431708542
612,3081,short,2023-04-14,2023-04-17,-49274.999999999694
613,5876,long,2023-03-24,2023-04-18,-15219.403525718064
614,3665,short,2023-04-18,2023-04-19,-65699.99999999978
615,5871,long,2023-04-17,2023-04-20,-116550.00000000038
616,1565,long,2023-04-18,2023-04-21,-116550.00000000041
617,3374,short,2023-04-20,2023-04-21,-98549.99999999968
618,1785,short,2023-04-21,2023-04-24,-65699.99999999948
619,5876,short,2023-04-21,2023-04-24,-65699.9999999995
620,2884,short,2023-04-21,2023-04-24,-65699.99999999988
621,6173,short,2023-04-24,2023-04-25,-197099.99999999919
622,2603,short,2023-04-25,2023-04-26,-197099.99999999936
623,2882,short,2023-04-27,2023-04-28,-98549.99999999936
624,2883,short,2023-04-28,2023-05-02,-65699.99999999977
625,2059,short,2023-04-27,2023-05-03,-65699.9999999997
626,2880,short,2023-05-02,2023-05-03,-65699.99999999988
627,6146,long,2023-05-05,2023-05-08,-77699.9999999998
628,6180,long,2023-04-28,2023-05-09,-4904.667887464531
629,6173,long,2023-05-08,2023-05-09,-46619.99999999994
630,3711,long,2023-05-09,2023-05-10,-46620.00000000022
631,6643,long,2023-05-08,2023-05-11,-46620.00000000014
632,5483,long,2023-05-09,2023-05-11,-46619.99999999982
633,3293,long,2023-05-04,2023-05-15,67604.81849286509
634,5871,long,2023-05-11,2023-05-15,-46620.000000000175
635,2317,short,2023-05-15,2023-05-16,-39419.99999999983
636,6462,long,2023-05-17,2023-05-19,-41250.484160191234
637,2474,long,2023-05-08,2023-05-24,23868.026914704053
638,9904,long,2023-05-15,2023-05-25,47871.89773136479
639,5425,long,2023-05-19,2023-05-25,2172.8676111380646
640,2379,long,2023-05-11,2023-05-30,48465.82020389292
641,2330,long,2023-05-10,2023-05-31,258859.3040638154
642,6669,long,2023-05-25,2023-05-31,77261.67217309929
643,1326,short,2023-05-31,2023-06-01,-49274.999999999585
644,6146,long,2023-06-02,2023-06-05,-46619.99999999988
645,8086,long,2023-05-24,2023-06-08,319532.48451131594
646,5009,long,2023-06-02,2023-06-12,66091.44278606956
647,2883,long,2023-06-08,2023-06-15,-46620.00000000014
648,6561,long,2023-06-13,2023-06-15,-46620.00000000015
649,4979,long,2023-05-25,2023-06-19,2770843.66985438
650,5904,long,2023-06-06,2023-06-19,184276.00032797598
651,2327,long,2023-06-16,2023-06-19,-58274.999999999854
652,3105,short,2023-06-27,2023-06-28,-98549.9999999999
653,2317,long,2023-05-30,2023-06-29,706050.2655420171
654,5457,short,2023-06-29,2023-06-30,-197099.99999999802
655,2002,short,2023-07-03,2023-07-04,-49274.999999999876
656,3491,long,2023-06-30,2023-07-05,-4344.01870059843
657,2002,short,2023-07-05,2023-07-06,-49274.999999999774
658,2603,short,2023-06-30,2023-07-10,-417485.8129132638
659,5371,long,2023-07-03,2023-07-10,-21905.76923076912
660,5314,long,2023-07-10,2023-07-13,-7342.857142858285
661,3008,long,2023-07-06,2023-07-14,56618.63529647546
662,2327,long,2023-07-04,2023-07-18,28581.25984251981
663,6488,long,2023-07-13,2023-07-19,82166.4251084459
664,2474,long,2023-07-19,2023-07-21,-46620.000000000015
665,2882,long,2023-07-13,2023-07-24,32081.37672090107
666,2880,long,2023-07-18,2023-07-24,-36841.302998965606
667,3227,long,2023-07-17,2023-07-25,561229.2283860972
668,4904,long,2023-07-21,2023-07-31,-46620.00000000022
669,3105,short,2023-07-26,2023-07-31,-39419.999999999614
670,3081,short,2023-07-27,2023-08-01,-140104.59208956602
671,8299,long,2023-07-31,2023-08-02,-43743.859398555614
672,8436,long,2023-07-31,2023-08-02,-25921.382488479554
673,3491,long,2023-08-02,2023-08-07,-30663.69911627575
674,2454,long,2023-08-02,2023-08-08,-46620.00000000008
675,5876,short,2023-08-07,2023-08-08,-39419.99999999974
676,3081,short,2023-08-08,2023-08-09,-49274.99999999954
677,1101,long,2023-07-26,2023-08-10,-21471.063829787563
678,2633,long,2023-08-01,2023-08-10,-46620.00000000009
679,2474,long,2023-08-09,2023-08-11,-46620.0
680,3630,long,2023-08-10,2023-08-14,-46619.99999999979
681,4904,long,2023-08-09,2023-08-15,-23345.234777340054
682,5904,long,2023-08-11,2023-08-15,-46620.000000000175
683,3529,long,2023-08-14,2023-08-16,-66907.40262343246
684,2880,short,2023-08-16,2023-08-17,-49274.99999999967
685,2912,long,2023-08-17,2023-08-21,-46620.00000000013
686,1216,long,2023-08-17,2023-08-24,-46620.000000000226
687,3680,long,2023-08-21,2023-08-24,48065.88296579263
688,2105,long,2023-08-16,2023-08-25,-3202.198602213981
689,8299,long,2023-08-24,2023-08-28,-46620.00000000021
690,2412,long,2023-07-17,2023-08-31,-16169.06866833467
691,6173,long,2023-08-10,2023-09-06,631026.8733578558
692,3131,long,2023-08-31,2023-09-06,-37729.69682943744
693,2330,long,2023-08-25,2023-09-07,1646.1191422376614
694,3529,long,2023-08-25,2023-09-08,247838.9585576821
695,3363,long,2023-09-08,2023-09-12,39096.72446257677
696,4162,short,2023-09-12,2023-09-13,-49274.99999999956
697,00664R,short,2023-09-14,2023-09-15,-49274.99999999962
698,6446,short,2023-09-07,2023-09-18,-186084.40212953562
699,2330,long,2023-09-15,2023-09-18,-46619.999999999935
700,00632R,short,2023-09-15,2023-09-18,-39419.99999999957
701,2454,long,2023-08-28,2023-09-20,283179.35918613675
702,5439,long,2023-09-18,2023-09-21,-77699.99999999999
703,1216,long,2023-09-18,2023-09-21,-77700.00000000038
704,6446,short,2023-09-21,2023-09-22,-65699.99999999971
705,6505,short,2023-09-22,2023-09-25,-65699.99999999974
706,6187,long,2023-09-25,2023-09-26,-77699.99999999994
707,3045,short,2023-09-26,2023-09-27,-39419.99999999959
708,1301,short,2023-09-26,2023-09-27,-39419.999999999876
709,3152,short,2023-09-27,2023-09-28,-39419.9999999996
710,2360,long,2023-09-27,2023-10-03,18088.854944298095
711,6669,long,2023-09-28,2023-10-03,182675.24022878264
712,2886,long,2023-09-08,2023-10-04,78413.21033210294
713,3131,long,2023-09-26,2023-10-04,37289.17921321012
714,2301,long,2023-10-03,2023-10-04,-46619.99999999997
715,2059,long,2023-10-03,2023-10-06,13348.882474970782
716,8358,long,2023-10-04,2023-10-11,-46620.00000000028
717,3078,long,2023-10-04,2023-10-11,-37722.871480345464
718,4162,short,2023-10-04,2023-10-13,-208194.98404594781
719,3680,long,2023-09-21,2023-10-16,410886.66237528156
720,4938,long,2023-10-06,2023-10-16,-6891.713034882098
721,4979,long,2023-10-11,2023-10-17,402421.6384553378
722,2330,long,2023-10-11,2023-10-18,-12469.961867898684
723,3008,short,2023-10-18,2023-10-19,-49274.99999999966
724,2882,long,2023-10-13,2023-10-20,-39054.33028185954
725,4162,short,2023-10-19,2023-10-20,-49274.999999999505
726,2881,long,2023-10-18,2023-10-23,-116549.99999999978
727,3045,short,2023-10-23,2023-10-24,-39419.99999999972
728,5876,short,2023-10-23,2023-10-24,-39419.999999999716
729,6147,long,2023-10-23,2023-10-27,-53970.90548632467
730,6488,short,2023-10-27,2023-10-31,-39419.99999999982
731,5347,short,2023-10-30,2023-10-31,-39419.99999999982
732,3231,long,2023-10-31,2023-11-03,43290.426540284236
733,5371,long,2023-10-31,2023-11-06,-46620.0
734,6173,long,2023-10-26,2023-11-09,178170.5633124701
735,9910,long,2023-11-06,2023-11-10,-27651.63686382402
736,2412,long,2023-10-17,2023-11-13,-7340.888240200316
737,8436,short,2023-11-13,2023-11-14,-39419.99999999994
738,6462,short,2023-11-13,2023-11-14,-39419.99999999971
739,3131,long,2023-11-03,2023-11-16,116593.1220116875
740,2344,long,2023-11-15,2023-11-16,-46620.00000000017
741,2059,long,2023-11-09,2023-11-17,-10613.533940823574
742,3363,long,2023-11-17,2023-11-20,-46619.99999999994
743,3653,long,2023-11-15,2023-11-21,39777.794139985555
744,3163,long,2023-11-16,2023-11-23,111596.06254442049
745,3264,long,2023-10-23,2023-11-24,231730.1652892565
746,8358,long,2023-11-21,2023-11-27,-4316.343669250686
747,3105,short,2023-11-22,2023-11-27,-261522.296034183
748,8436,long,2023-11-24,2023-11-30,-9359.903128681344
749,2408,long,2023-11-16,2023-12-01,379621.4285714284
750,2301,long,2023-11-30,2023-12-01,-77700.00000000006
751,6446,short,2023-12-04,2023-12-05,-65699.99999999945
752,1326,short,2023-12-05,2023-12-06,-65699.99999999962
753,1301,short,2023-12-06,2023-12-07,-65699.9999999998
754,5871,short,2023-12-07,2023-12-08,-65699.99999999936
755,1303,short,2023-12-08,2023-12-11,-65699.99999999919
756,9910,long,2023-12-01,2023-12-12,-46620.000000000124
757,1565,short,2023-12-11,2023-12-12,-39419.9999999996
758,8069,short,2023-12-12,2023-12-13,-39419.999999999956
759,3491,long,2023-12-11,2023-12-14,-3942.1663874930846
760,8436,short,2023-12-13,2023-12-14,-39419.99999999994
761,6146,short,2023-12-14,2023-12-15,-39419.99999999977
762,3611,long,2023-11-29,2023-12-18,58686.16896993868
763,6290,long,2023-12-12,2023-12-18,27607.986348122817
764,3665,short,2023-12-14,2023-12-18,-39419.9999999999
765,4123,short,2023-12-18,2023-12-19,-49274.99999999961
766,4162,long,2023-12-18,2023-12-20,-46619.999999999905
767,6548,short,2023-12-19,2023-12-20,-39419.999999999854
768,6182,short,2023-12-22,2023-12-25,-39419.99999999971
769,3081,short,2023-12-22,2023-12-25,-39419.99999999972
770,8069,short,2023-12-19,2023-12-26,-390823.042505593
771,2382,long,2023-12-11,2024-01-02,190971.08989657887
772,3231,long,2023-12-15,2024-01-02,134069.63922294174
773,6274,long,2023-12-27,2024-01-02,-18464.99870544598
774,2383,long,2023-12-27,2024-01-02,-18397.5887147678
775,5371,long,2023-12-28,2024-01-03,-116550.00000000065
776,3078,long,2024-01-02,2024-01-04,-116549.99999999975
777,1101,short,2024-01-03,2024-01-04,-98549.99999999953
778,6548,short,2024-01-05,2024-01-08,-98549.99999999945
779,2002,short,2024-01-05,2024-01-08,-98549.99999999962
780,2317,short,2024-01-09,2024-01-10,-65699.99999999971
781,5871,short,2024-01-09,2024-01-10,-65699.99999999958
782,2345,long,2024-01-10,2024-01-12,11511.110941600236
783,2887,long,2024-01-09,2024-01-16,-46619.999999999956
784,2383,long,2024-01-10,2024-01-17,174319.68731034914
785,3491,long,2024-01-11,2024-01-17,-17100.4325437693
786,8942,long,2024-01-12,2024-01-17,-33693.405136702764
787,3163,long,2024-01-16,2024-01-18,-46620.00000000017
788,2368,long,2024-01-17,2024-01-18,-46620.0000000002
789,3680,long,2024-01-17,2024-01-18,-46619.99999999988
790,3363,long,2024-01-12,2024-01-19,169488.50776898244
791,6561,short,2024-01-18,2024-01-19,-65699.99999999939
792,3324,long,2024-01-17,2024-01-23,257544.36550959904
793,2360,short,2024-01-22,2024-01-23,-39419.999999999905
794,3227,long,2024-01-22,2024-01-24,-24597.10939579462
795,2368,long,2024-01-23,2024-01-24,-46620.00000000008
796,3037,long,2024-01-23,2024-01-24,-46620.00000000009
797,6173,long,2024-01-19,2024-01-25,-24069.92050874397
798,8086,long,2024-01-24,2024-01-25,-46620.00000000011
799,3264,long,2024-01-19,2024-01-26,-34126.75278919582
800,3491,long,2024-01-24,2024-01-26,-46619.99999999999
801,2301,long,2024-01-24,2024-01-26,-46619.999999999956
802,2360,short,2024-01-25,2024-01-26,-39419.99999999961
803,2454,long,2024-01-26,2024-02-01,29155.55277430144
804,9904,long,2024-01-26,2024-02-05,-8861.66666666662
805,2301,long,2024-02-05,2024-02-15,-46619.99999999991
806,4162,long,2024-01-29,2024-02-16,67142.66358056777
807,4966,long,2024-01-25,2024-02-21,400625.070100361
808,1216,long,2024-02-01,2024-02-26,59638.85797950256
809,6121,long,2024-02-22,2024-02-27,20441.617627655265
810,6147,long,2024-02-26,2024-02-27,-46620.000000000255
811,8358,short,2024-02-29,2024-03-01,-39419.99999999987
812,2105,long,2024-01-26,2024-03-05,61173.354353626084
813,3105,short,2024-02-29,2024-03-06,-39419.99999999965
814,2301,long,2024-03-04,2024-03-07,-46619.99999999988
815,3611,long,2024-02-16,2024-03-08,8036.39097744332
816,6561,long,2024-02-19,2024-03-08,215987.8895211304
817,5263,short,2024-03-08,2024-03-11,-39419.99999999987
818,5274,long,2024-03-07,2024-03-12,-58274.999999999876
819,3491,short,2024-03-12,2024-03-13,-49274.99999999967
820,5483,long,2024-03-05,2024-03-14,292242.7745985883
821,6488,long,2024-03-06,2024-03-14,168518.30817598512
822,2207,short,2024-03-19,2024-03-20,-39419.999999999876
823,5876,long,2024-03-08,2024-03-25,119375.15738498801
824,3078,long,2024-03-21,2024-03-26,-46619.999999999985
825,6446,short,2024-03-27,2024-03-28,-39419.99999999988
826,5289,long,2024-03-25,2024-03-29,-8300.480178270003
827,2301,short,2024-03-29,2024-04-01,-39419.99999999969
828,2368,long,2024-03-28,2024-04-02,-36958.28600621577
829,4904,long,2024-03-15,2024-04-03,61381.65130039898
830,6643,long,2024-04-03,2024-04-08,-46620.00000000006
831,5274,long,2024-03-19,2024-04-09,418699.70321281423
832,3661,long,2024-04-08,2024-04-09,-46620.00000000016
833,2383,long,2024-04-09,2024-04-10,-46619.999999999876
834,5371,long,2024-03-19,2024-04-11,822655.0913075235
835,3481,long,2024-04-10,2024-04-11,-46620.000000000015
836,2357,long,2024-04-01,2024-04-12,154779.518777832
837,3529,long,2024-04-09,2024-04-15,131426.5160307716
838,3227,long,2024-04-11,2024-04-15,-77700.00000000004
839,2912,long,2024-04-02,2024-04-16,27816.86704245412
840,6173,short,2024-04-16,2024-04-17,-98549.99999999955
841,5457,long,2024-04-16,2024-04-19,-106226.85589519642
842,2408,short,2024-04-18,2024-04-19,-98549.99999999876
843,3529,long,2024-04-19,2024-04-22,-233100.0000000007
844,2002,short,2024-04-22,2024-04-23,-197099.99999999825
845,1101,short,2024-04-26,2024-04-30,-39419.99999999981
846,2002,short,2024-04-26,2024-04-30,-39419.99999999964
847,6121,long,2024-04-29,2024-05-03,-2680.84834639957
848,3163,long,2024-04-30,2024-05-03,-46619.999999999876
849,5457,long,2024-04-30,2024-05-03,-46619.999999999985
850,3661,long,2024-04-25,2024-05-06,220681.94408722987
851,3227,long,2024-04-29,2024-05-06,-16426.770582984296
852,6643,long,2024-05-03,2024-05-07,-6542.7346984906035
853,1815,long,2024-05-06,2024-05-09,120401.73913043483
854,3078,long,2024-05-03,2024-05-10,-28315.836376917447
855,2059,long,2024-05-07,2024-05-10,29319.252566734904
856,3711,long,2024-05-09,2024-05-13,9315.455861071066
857,2002,short,2024-05-10,2024-05-13,-39419.999999999876
858,5876,long,2024-05-03,2024-05-14,-58275.00000000019
859,8069,long,2024-05-15,2024-05-16,-46620.000000000015
860,9910,short,2024-05-15,2024-05-16,-39419.99999999966
861,2379,long,2024-05-10,2024-05-17,90531.79431347088
862,1785,long,2024-05-16,2024-05-17,-46619.99999999992
863,3680,long,2024-05-17,2024-05-20,-46620.000000000175
864,6462,long,2024-05-17,2024-05-21,-21683.29113924052
865,3081,long,2024-05-20,2024-05-23,89173.02379302366
866,3293,long,2024-05-21,2024-05-23,-690.578529442455
867,2303,long,2024-05-06,2024-05-24,149737.4690150034
868,6584,long,2024-05-13,2024-05-27,546049.0104316752
869,6187,long,2024-05-23,2024-05-27,19790.46386192022
870,1565,short,2024-05-27,2024-05-28,-49274.999999999585
871,3231,long,2024-05-16,2024-05-29,101157.94590505019
872,8086,long,2024-05-23,2024-05-30,-10253.623734400637
873,6561,long,2024-05-28,2024-05-30,-12661.42286616543
874,5314,long,2024-05-28,2024-05-30,81589.32445290209
875,3152,short,2024-05-29,2024-05-30,-39419.99999999978
876,1101,short,2024-05-30,2024-05-31,-65699.9999999994
877,6182,short,2024-05-31,2024-06-03,-65699.99999999939
878,8299,long,2024-05-30,2024-06-04,-37879.360122764454
879,8086,long,2024-06-05,2024-06-06,-116550.00000000007
880,3529,long,2024-06-07,2024-06-11,-116550.0000000006
881,6121,long,2024-05-24,2024-06-14,100915.63295121875
882,6274,long,2024-06-13,2024-06-17,-46620.00000000007
883,2059,long,2024-06-14,2024-06-18,-46619.99999999999
884,5425,short,2024-06-17,2024-06-18,-39419.99999999971
885,3105,long,2024-06-14,2024-06-24,107283.00474433311
886,8086,long,2024-06-14,2024-06-24,162486.66352719604
887,3481,long,2024-06-18,2024-06-25,284333.69565217383
888,2912,long,2024-06-11,2024-06-28,23681.676557863393
889,6510,short,2024-06-28,2024-07-01,-49274.99999999986
890,5880,long,2024-06-18,2024-07-02,-37476.89729265155
891,4966,short,2024-07-01,2024-07-02,-39419.99999999992
892,2207,short,2024-07-02,2024-07-03,-39419.999999999774
893,9910,short,2024-07-02,2024-07-03,-39419.99999999991
894,3324,long,2024-07-01,2024-07-08,170919.8150010055
895,5371,long,2024-07-03,2024-07-08,5678.423158389849
896,3078,long,2024-06-24,2024-07-09,-8108.923826394728
897,6488,short,2024-06-26,2024-07-09,-310530.7196235538
898,8436,short,2024-07-09,2024-07-10,-65699.99999999926
899,5009,long,2024-07-08,2024-07-11,-30792.7147918512
900,3611,short,2024-07-11,2024-07-12,-49274.99999999949
901,2344,short,2024-07-10,2024-07-15,-39419.999999999614
902,3481,short,2024-07-03,2024-07-16,-204995.43010752706
903,4162,short,2024-07-12,2024-07-16,-49274.99999999949
904,4966,short,2024-07-16,2024-07-17,-49274.99999999978
905,6548,long,2024-07-10,2024-07-18,125105.51170386476
906,3037,long,2024-07-12,2024-07-18,338223.4546520304
907,5371,long,2024-07-16,2024-07-18,-58275.00000000007
908,5425,short,2024-07-17,2024-07-18,-49274.99999999942
909,9904,long,2024-07-18,2024-07-19,-233100.00000000125
910,6510,short,2024-07-22,2024-07-23,-39419.9999999998
911,2301,short,2024-07-23,2024-07-26,-39419.999999999905
912,5009,long,2024-07-19,2024-07-29,-46620.00000000019
913,4162,short,2024-07-22,2024-07-29,-111362.46673858303
914,6146,short,2024-07-26,2024-07-29,-39419.9999999997
915,2395,short,2024-07-29,2024-07-30,-65699.99999999974
916,3661,short,2024-07-30,2024-07-31,-49274.99999999984
917,5439,short,2024-07-30,2024-07-31,-49274.999999999694
918,6180,long,2024-08-01,2024-08-02,-58274.99999999991
919,2105,long,2024-07-19,2024-08-05,59525.306859205724
920,2615,long,2024-08-01,2024-08-05,-46620.00000000006
921,2603,long,2024-08-02,2024-08-05,-46620.00000000016
922,5009,long,2024-08-02,2024-08-05,-46619.999999999905
923,5871,short,2024-08-05,2024-08-06,-65699.99999999988
924,2207,short,2024-08-06,2024-08-07,-49274.99999999984
925,5880,short,2024-08-06,2024-08-07,-49274.99999999978
926,2474,long,2024-08-05,2024-08-12,120272.1644685805
927,5274,long,2024-08-12,2024-08-13,-46619.999999999956
928,2303,long,2024-08-08,2024-08-15,83044.85178463398
929,5536,long,2024-08-13,2024-08-15,110954.88346149254
930,3653,long,2024-08-15,2024-08-20,284144.3000814532
931,2454,long,2024-08-15,2024-08-21,158050.9053823106
932,6643,long,2024-08-20,2024-08-21,-46620.00000000009
933,2357,long,2024-08-09,2024-08-30,182758.8998272526
934,2892,long,2024-08-22,2024-09-03,-29183.664596273553
935,2885,long,2024-08-27,2024-09-03,-46620.000000000044
936,2412,long,2024-07-19,2024-09-04,36272.532188841236
937,6180,long,2024-08-09,2024-09-04,61431.42531681579
938,9904,long,2024-09-02,2024-09-04,-77699.99999999977
939,2207,short,2024-09-05,2024-09-06,-65699.99999999994
940,6510,short,2024-09-05,2024-09-06,-65699.99999999945
941,9910,short,2024-09-05,2024-09-09,-101094.96764501912
942,3264,short,2024-09-06,2024-09-09,-49274.99999999977
943,5439,short,2024-09-06,2024-09-09,-49274.99999999977
944,1565,short,2024-09-06,2024-09-09,-49274.999999999636
945,3078,short,2024-09-09,2024-09-10,-197099.99999999837
946,2891,long,2024-09-10,2024-09-12,-77700.00000000007
947,5439,short,2024-09-11,2024-09-12,-65699.99999999991
948,5289,short,2024-09-12,2024-09-13,-98549.999999999
949,3324,long,2024-09-13,2024-09-18,-46620.0
950,1815,long,2024-09-13,2024-09-18,-46619.99999999987
951,6584,long,2024-09-18,2024-09-23,-10945.090909090746
952,2886,long,2024-09-11,2024-09-30,17050.399999999972
953,2317,long,2024-09-18,2024-09-30,184429.67242406207
954,2454,long,2024-09-24,2024-09-30,101761.11307467562
955,2880,long,2024-09-13,2024-10-01,-9376.300578034718
956,2449,long,2024-09-30,2024-10-04,-116550.00000000006
957,2633,long,2024-09-13,2024-10-07,-77163.81971238254
958,5439,short,2024-10-04,2024-10-08,-78928.32911113538
959,6146,short,2024-10-07,2024-10-08,-65699.99999999955
960,1815,long,2024-10-07,2024-10-08,-77699.99999999994
961,9910,short,2024-10-08,2024-10-11,-65699.99999999936
962,5274,long,2024-10-09,2024-10-14,27837.70958594809
963,6147,short,2024-10-11,2024-10-14,-39419.99999999969
964,6919,long,2024-10-11,2024-10-15,-14172.9411764705
965,3078,short,2024-10-14,2024-10-15,-39419.99999999979
966,3152,short,2024-10-14,2024-10-15,-39419.99999999977
967,6290,long,2024-10-15,2024-10-16,-77700.00000000028
968,5871,short,2024-10-16,2024-10-17,-39419.999999999876
969,1101,short,2024-10-16,2024-10-17,-39419.99999999965
970,2449,long,2024-10-09,2024-10-18,143210.38397328867
971,3374,long,2024-10-11,2024-10-18,64180.745556212074
972,2002,short,2024-10-17,2024-10-21,-49274.999999999876
973,4162,short,2024-10-21,2024-10-22,-39419.99999999968
974,2327,long,2024-10-17,2024-10-23,-12209.055866297926
975,2308,long,2024-10-16,2024-10-24,47581.255886970204
976,6561,long,2024-10-18,2024-10-24,-1660.7155666750332
977,5274,long,2024-10-22,2024-10-25,-58275.000000000175
978,2890,long,2024-10-21,2024-10-28,-46619.99999999997
979,2383,long,2024-10-24,2024-10-29,-43881.236552784074
980,5457,short,2024-10-28,2024-10-29,-39419.99999999961
981,6446,long,2024-10-23,2024-10-30,47554.07546235615
982,6180,long,2024-10-25,2024-10-30,-77700.0
983,6669,short,2024-11-01,2024-11-05,-87834.0307474815
984,6919,long,2024-11-04,2024-11-05,-46620.000000000065
985,2301,short,2024-11-04,2024-11-05,-39419.9999999998
986,4904,long,2024-10-25,2024-11-06,22031.470588235206
987,6561,long,2024-11-04,2024-11-08,194420.29335634157
988,5425,short,2024-11-05,2024-11-08,-57786.37431739216
989,1815,long,2024-11-06,2024-11-08,-12073.027139874557
990,3131,long,2024-11-05,2024-11-12,81598.57239789086
991,3374,long,2024-11-08,2024-11-12,-58274.99999999999
992,5425,short,2024-11-12,2024-11-13,-39419.99999999982
993,6121,long,2024-11-11,2024-11-14,-7393.787019533453
994,2002,short,2024-11-13,2024-11-14,-39419.9999999999
995,6446,long,2024-11-12,2024-11-15,-31403.29280503515
996,3630,short,2024-11-14,2024-11-15,-39419.999999999745
997,2890,long,2024-11-14,2024-11-18,104690.17477562491
998,2105,long,2024-11-18,2024-11-20,-46620.0000000002
999,2301,short,2024-11-18,2024-11-20,-39419.99999999989
1000,3324,long,2024-11-20,2024-11-26,-39812.99579045843
1001,2892,long,2024-11-19,2024-11-27,-46620.00000000001
1002,3680,long,2024-11-26,2024-11-27,-46620.00000000008
1003,3661,short,2024-11-27,2024-11-28,-39419.999999999556
1004,2801,long,2024-11-20,2024-11-29,-39486.62643331335
1005,2886,long,2024-11-12,2024-12-02,14220.541257627814
1006,5263,long,2024-11-28,2024-12-06,12301.450151057543
1007,5457,short,2024-11-29,2024-12-06,-431391.2118264931
1008,5274,long,2024-12-02,2024-12-06,52612.662114166014
1009,6188,long,2024-11-27,2024-12-09,151837.2965702757
1010,5536,long,2024-12-06,2024-12-11,44968.86021247186
1011,4938,long,2024-12-10,2024-12-16,-36724.42828816941
1012,8086,short,2024-12-13,2024-12-19,-172909.9581589959
1013,3529,long,2024-12-06,2024-12-20,176542.0397131149
1014,3152,short,2024-12-19,2024-12-20,-39419.999999999774
1015,8932,long,2024-12-06,2024-12-23,86634.9772127608
1016,5371,short,2024-12-16,2024-12-26,-403537.24137931
1017,8086,short,2024-12-23,2024-12-26,-215595.8108517733
1018,8069,long,2024-12-20,2024-12-27,28696.643024191944
1019,2449,long,2024-12-27,2024-12-30,-46620.00000000011
1020,2887,short,2024-12-20,2024-12-31,-63909.795918366886
1021,2317,long,2024-12-26,2024-12-31,-46620.000000000146
1022,2884,long,2024-12-26,2024-12-31,-46619.99999999999
1023,3324,long,2024-12-30,2024-12-31,-46619.99999999989
1024,4966,short,2024-12-31,2025-01-02,-39419.999999999854
1025,6643,short,2024-12-31,2025-01-02,-39419.99999999989
1026,3152,short,2024-12-31,2025-01-02,-39419.9999999996
1027,2412,long,2024-11-06,2025-01-03,-10173.261975413356
1028,5876,short,2024-12-31,2025-01-03,-49274.99999999958
1029,2360,long,2025-01-02,2025-01-03,-58275.00000000013
1030,2887,short,2025-01-02,2025-01-03,-49274.999999999774
1031,6187,long,2025-01-07,2025-01-08,-58275.000000000146
1032,3324,long,2025-01-07,2025-01-08,-58275.00000000017
1033,3680,long,2025-01-07,2025-01-09,-46619.99999999997
1034,5904,short,2025-01-08,2025-01-09,-39419.99999999971
1035,3374,long,2025-01-08,2025-01-09,-46620.00000000016
1036,3293,long,2025-01-08,2025-01-10,-77700.00000000003
1037,3131,long,2025-01-09,2025-01-10,-77699.99999999988
1038,2449,long,2025-01-06,2025-01-13,14325.22747546827
1039,8299,short,2025-01-10,2025-01-13,-39419.99999999963
1040,8086,short,2025-01-10,2025-01-13,-39419.999999999614
1041,3630,short,2025-01-10,2025-01-13,-39419.99999999976
1042,2360,long,2025-01-13,2025-01-15,-13957.02803659877
1043,2327,short,2025-01-14,2025-01-15,-49274.99999999956
1044,6290,short,2025-01-15,2025-01-16,-39419.99999999985
1045,2105,long,2025-01-15,2025-02-07,77933.75426621138
1046,3034,short,2025-01-13,2025-02-10,-275149.2747808644
1047,2886,long,2025-01-15,2025-02-11,-31470.200267023167
1048,2890,long,2025-02-11,2025-02-25,10818.780371605531
1049,2884,long,2025-01-10,2025-02-27,182270.92996555695
1050,2059,long,2025-02-10,2025-02-27,676144.6831530138
1051,2308,long,2025-03-03,2025-03-04,-46620.00000000006
1052,5274,short,2025-03-03,2025-03-05,-59130.15470120744
1053,3231,short,2025-03-04,2025-03-06,-49274.999999999614
1054,2207,short,2025-03-06,2025-03-07,-39419.99999999974
1055,2912,short,2025-03-06,2025-03-07,-39419.9999999997
1056,6146,short,2025-03-07,2025-03-10,-39419.99999999963
1057,1301,short,2025-03-10,2025-03-11,-39419.99999999959
1058,8358,short,2025-03-11,2025-03-12,-39419.999999999694
1059,3211,long,2025-03-07,2025-03-13,114703.53106234896
1060,9904,short,2025-03-12,2025-03-13,-39419.99999999961
1061,3324,short,2025-03-13,2025-03-14,-39419.99999999978
1062,4904,long,2025-02-25,2025-03-17,37622.36796285518
1063,9910,short,2025-03-14,2025-03-17,-39419.99999999994
1064,5347,short,2025-03-17,2025-03-18,-39419.99999999988
1065,1326,short,2025-03-13,2025-03-19,-103671.10132158593
1066,5483,short,2025-03-18,2025-03-19,-39419.99999999969
1067,6488,short,2025-03-19,2025-03-20,-39419.99999999979
1068,2303,short,2025-03-20,2025-03-21,-39419.99999999976
1069,6274,long,2025-03-17,2025-03-25,115575.79625071009
1070,6223,long,2025-03-21,2025-03-27,104417.59271271054
1071,2330,long,2025-03-25,2025-03-27,-46620.00000000003
1072,3363,long,2025-03-27,2025-03-28,-46620.000000000175
1073,2887,long,2025-02-07,2025-03-31,659.9999999998072
1074,2892,long,2025-03-19,2025-03-31,-29371.15207373273
1075,3661,long,2025-03-27,2025-03-31,36328.98421783375
1076,3227,long,2025-03-28,2025-03-31,-46620.00000000013
1077,3105,short,2025-03-31,2025-04-01,-65699.99999999953
1078,2207,short,2025-04-01,2025-04-02,-39419.999999999825
1079,4736,short,2025-04-01,2025-04-02,-39419.999999999556
1080,2412,long,2025-01-17,2025-04-07,67827.77619566131
1081,1565,short,2025-03-31,2025-04-07,-138530.88295687866
1082,6274,short,2025-04-01,2025-04-07,-39419.99999999968
1083,6584,short,2025-04-02,2025-04-07,-39419.99999999971
1084,2105,long,2025-04-02,2025-04-07,-46620.00000000008
1085,8932,long,2025-04-07,2025-04-08,-233100.00000000105
1086,2474,short,2025-04-08,2025-04-09,-39419.99999999987
1087,1785,short,2025-04-08,2025-04-09,-39419.99999999976
1088,6548,short,2025-04-08,2025-04-09,-39419.99999999984
1089,5876,short,2025-04-08,2025-04-09,-39419.99999999991
1090,1102,short,2025-04-08,2025-04-09,-39419.999999999636
1091,2615,long,2025-04-16,2025-04-17,-233099.9999999994
1092,3264,long,2025-04-17,2025-04-21,-46619.99999999998
1093,6548,long,2025-04-17,2025-04-21,-15836.928085232397
1094,5536,long,2025-04-17,2025-04-22,71882.19138056946
1095,2383,long,2025-04-17,2025-04-22,-14484.890917317507
1096,2454,long,2025-04-21,2025-04-22,-46620.000000000146
1097,2474,long,2025-04-21,2025-04-22,-46620.000000000124
1098,2105,long,2025-04-17,2025-04-24,193671.02014294968
1099,2880,long,2025-04-22,2025-04-24,-77700.00000000004
1100,2454,long,2025-04-24,2025-04-28,42248.7075521095
1101,3491,long,2025-04-24,2025-04-30,-3550.4126445316906
1102,1815,long,2025-04-24,2025-04-30,58058.96678966767
1103,8932,long,2025-04-24,2025-05-05,252368.1956155144
1104,2891,long,2025-04-29,2025-05-05,28874.45196211087
1105,5314,long,2025-05-05,2025-05-06,-58274.99999999983
1106,5439,long,2025-05-02,2025-05-07,-1037.264150942523
1107,3045,long,2025-05-07,2025-05-08,-58274.99999999997
1108,6548,short,2025-05-07,2025-05-12,-157451.20772946894
1109,2454,long,2025-05-13,2025-05-19,-20451.26208229742
1110,2912,short,2025-05-16,2025-05-19,-39419.99999999973
1111,3491,long,2025-05-16,2025-05-19,-46619.999999999905
1112,3529,short,2025-05-20,2025-05-21,-39419.99999999968
1113,6180,short,2025-05-20,2025-05-21,-39419.999999999665
1114,3211,long,2025-04-22,2025-05-22,1433669.085173501
1115,2207,short,2025-05-20,2025-05-23,-237746.88855748373
1116,1303,short,2025-05-23,2025-05-26,-65699.99999999953
1117,2633,short,2025-05-23,2025-05-26,-65699.99999999971
1118,3034,short,2025-05-26,2025-05-27,-39419.99999999987
1119,6505,short,2025-05-26,2025-05-27,-39419.99999999995
1120,2912,short,2025-05-26,2025-05-27,-39419.99999999989
1121,6147,short,2025-05-27,2025-05-28,-39419.99999999977
1122,5009,short,2025-05-27,2025-05-28,-39419.99999999962
1123,2412,long,2025-04-30,2025-05-29,17271.89189189192
1124,6548,short,2025-05-26,2025-05-29,-39419.999999999585
1125,3034,short,2025-05-28,2025-05-29,-39419.999999999636
1126,2303,short,2025-05-28,2025-05-29,-39419.999999999935
1127,5871,short,2025-05-29,2025-06-02,-39419.99999999974
1128,2317,short,2025-05-29,2025-06-02,-39419.999999999905
1129,5483,short,2025-05-29,2025-06-02,-39419.99999999976
1130,9910,short,2025-05-29,2025-06-02,-39419.9999999999
1131,6488,short,2025-06-02,2025-06-03,-39419.99999999968
1132,3711,short,2025-06-02,2025-06-03,-39419.99999999979
1133,3611,short,2025-06-02,2025-06-03,-39419.99999999989
1134,1216,short,2025-06-02,2025-06-03,-39419.99999999982
1135,6121,short,2025-05-27,2025-06-04,-100899.42807119954
1136,3081,short,2025-06-03,2025-06-04,-39419.999999999636
1137,2892,short,2025-06-04,2025-06-05,-39419.99999999988
1138,4979,short,2025-06-03,2025-06-06,-39419.999999999774
1139,6188,short,2025-06-03,2025-06-09,-191223.71747211876
1140,3630,short,2025-06-06,2025-06-09,-39419.999999999854
1141,8358,short,2025-06-09,2025-06-10,-49274.99999999953
1142,2449,short,2025-06-03,2025-06-11,-199936.30958844622
1143,6146,short,2025-06-10,2025-06-11,-49274.99999999984
1144,2454,long,2025-06-11,2025-06-12,-46620.00000000012
1145,4123,short,2025-06-11,2025-06-12,-39419.999999999716
1146,4966,short,2025-06-04,2025-06-13,-92053.33145846201
1147,3227,short,2025-06-11,2025-06-13,-39419.99999999991
1148,4736,short,2025-06-12,2025-06-13,-39419.99999999966
1149,7734,short,2025-06-13,2025-06-16,-49274.99999999951
1150,2474,long,2025-06-13,2025-06-16,-58275.000000000204
1151,3037,short,2025-06-16,2025-06-17,-39419.99999999987
1152,4938,short,2025-06-16,2025-06-17,-39419.999999999694
1153,2327,short,2025-06-16,2025-06-17,-39419.99999999988
1154,6187,short,2025-06-05,2025-06-18,-297275.6021805275
1155,2317,short,2025-06-17,2025-06-18,-49274.999999999985
1156,6188,short,2025-06-18,2025-06-19,-49274.99999999958
1157,2327,short,2025-06-18,2025-06-19,-49274.99999999974
1158,2880,long,2025-06-17,2025-06-23,-46619.99999999994
1159,3227,short,2025-06-20,2025-06-23,-39419.99999999983
1160,3374,short,2025-06-20,2025-06-23,-39419.99999999987
1161,4904,long,2025-06-12,2025-06-24,63580.66256507345
1162,6505,short,2025-06-20,2025-06-24,-59794.24325811731
1163,6561,short,2025-06-23,2025-06-24,-39419.99999999973
1164,3008,short,2025-06-24,2025-06-25,-39419.99999999978
1165,2912,short,2025-06-24,2025-06-25,-39419.99999999964
1166,1402,short,2025-06-24,2025-06-25,-39419.99999999968
1167,3045,short,2025-06-25,2025-06-26,-49274.99999999953
1168,4966,short,2025-06-23,2025-07-01,-136274.0335500027
1169,6446,short,2025-06-23,2025-07-03,-159971.77352767682
1170,5314,long,2025-07-01,2025-07-04,-46619.99999999995
1171,2474,long,2025-06-27,2025-07-07,16655.776101627554
1172,3711,short,2025-07-03,2025-07-07,-49274.99999999993
1173,6180,long,2025-06-30,2025-07-08,-45117.059851464015
1174,2880,long,2025-06-25,2025-07-09,80864.17350527538
1175,6446,short,2025-07-08,2025-07-09,-39419.99999999962
1176,3611,short,2025-07-08,2025-07-09,-39419.99999999979
1177,3152,short,2025-07-09,2025-07-10,-39419.99999999988
1178,8086,short,2025-07-09,2025-07-10,-39419.9999999998
1179,9904,short,2025-07-10,2025-07-11,-39419.999999999854
1180,6505,short,2025-07-10,2025-07-11,-39419.99999999996
1181,4966,short,2025-07-08,2025-07-14,-97806.30483844376
1182,3711,short,2025-07-09,2025-07-14,-39419.999999999854
1183,8069,short,2025-07-11,2025-07-14,-39419.99999999988
1184,3374,short,2025-07-11,2025-07-14,-39419.99999999961
1185,5314,long,2025-07-08,2025-07-15,3686820.724801812
1186,3529,short,2025-07-15,2025-07-16,-65699.99999999983
1187,2327,short,2025-07-15,2025-07-16,-65699.99999999955
1188,2603,long,2025-07-17,2025-07-21,-58275.00000000002
1189,9910,short,2025-07-15,2025-07-22,-49274.999999999534
1190,8299,long,2025-07-17,2025-07-22,-58275.00000000013
1191,2615,long,2025-07-17,2025-07-22,-58275.000000000095
1192,8069,short,2025-07-21,2025-07-22,-49274.99999999976
1193,3374,short,2025-07-22,2025-07-24,-65699.99999999927
1194,6446,short,2025-07-23,2025-07-24,-65699.99999999952
1195,4749,short,2025-07-23,2025-07-24,-65699.99999999935
1196,3491,short,2025-07-24,2025-07-25,-197099.9999999981
1197,2887,short,2025-07-25,2025-07-28,-197099.9999999983
1198,4966,short,2025-07-29,2025-07-30,-65699.99999999945
1199,3611,short,2025-07-29,2025-07-30,-65699.9999999998
1200,2303,long,2025-07-29,2025-07-31,-116550.00000000042
1201,5904,short,2025-07-30,2025-07-31,-98549.99999999956
1202,4938,short,2025-07-31,2025-08-01,-98549.99999999914
1203,2408,long,2025-07-31,2025-08-04,-46620.00000000003
1204,5483,short,2025-08-01,2025-08-04,-39419.999999999774
1205,8436,short,2025-08-01,2025-08-04,-39419.99999999976
1206,5425,short,2025-08-01,2025-08-04,-39419.99999999972
1207,3105,short,2025-08-04,2025-08-05,-39419.99999999957
1208,3008,short,2025-08-04,2025-08-06,-39419.999999999745
1209,3491,long,2025-08-05,2025-08-06,-46619.999999999956
1210,1301,short,2025-08-06,2025-08-07,-39419.99999999959
1211,6488,short,2025-08-07,2025-08-08,-39419.99999999984
1212,3293,long,2025-08-06,2025-08-11,-46619.999999999905
1213,8436,short,2025-08-08,2025-08-11,-39419.99999999969
1214,3653,long,2025-08-11,2025-08-12,-46620.0
1215,6188,short,2025-08-01,2025-08-13,-355465.5707974891
1216,7734,short,2025-08-04,2025-08-13,-377622.60782347055
1217,5425,short,2025-08-12,2025-08-14,-109158.75802997845
1218,2615,long,2025-08-13,2025-08-15,-46620.000000000044
1219,3227,long,2025-08-14,2025-08-15,-46620.000000000175
1220,2603,long,2025-08-13,2025-08-19,-22620.000000000167
1221,8299,short,2025-08-18,2025-08-19,-39419.9999999997
1222,6510,long,2025-08-04,2025-08-20,1437318.1378476424
1223,6182,short,2025-08-11,2025-08-20,-221586.2144420128
1224,5871,long,2025-08-15,2025-08-20,-61005.084745762826
1225,5457,short,2025-08-20,2025-08-21,-39419.999999999935
1226,3131,long,2025-08-20,2025-08-22,28826.80851063822
1227,6187,long,2025-08-20,2025-08-22,-4807.755102040905
1228,9910,short,2025-08-21,2025-08-22,-39419.99999999967
1229,6505,short,2025-08-20,2025-08-26,-501331.2895069542
1230,3152,short,2025-08-26,2025-08-27,-98549.99999999984
1231,2379,long,2025-08-27,2025-08-29,-46620.00000000006
1232,4904,short,2025-08-28,2025-08-29,-39419.999999999935
1233,1301,short,2025-08-28,2025-08-29,-39419.99999999962
1234,6182,short,2025-08-28,2025-08-29,-39419.99999999961
1235,3264,long,2025-08-20,2025-09-01,140257.44680851098
1236,2207,short,2025-08-29,2025-09-01,-65699.9999999999
1237,6505,short,2025-08-29,2025-09-01,-65699.9999999998
1238,2002,short,2025-09-01,2025-09-02,-98549.99999999914
1239,5483,short,2025-09-01,2025-09-02,-98549.999999999
1240,3008,short,2025-09-02,2025-09-03,-197099.99999999875
1241,3105,short,2025-09-03,2025-09-04,-98549.99999999917
1242,8436,short,2025-09-03,2025-09-04,-98549.99999999932
1243,5347,long,2025-09-09,2025-09-10,-46620.00000000007
1244,8299,long,2025-09-08,2025-09-11,242876.3899927238
1245,5009,short,2025-09-09,2025-09-11,-39419.999999999985
1246,2357,long,2025-09-08,2025-09-15,180617.2093023255
1247,3231,long,2025-09-08,2025-09-16,66934.5851528385
1248,4123,short,2025-09-15,2025-09-17,-39419.999999999745
1249,3529,short,2025-09-16,2025-09-17,-39419.999999999796
1250,2395,short,2025-09-17,2025-09-18,-49274.9999999996
1251,2912,long,2025-09-11,2025-09-19,-52435.07905138351
1252,3131,long,2025-09-22,2025-09-23,-58274.99999999983
1253,5347,long,2025-09-18,2025-09-25,257884.95762711862
1254,6187,long,2025-09-23,2025-09-25,31044.899244332562
1255,3152,short,2025-09-30,2025-10-01,-39419.9999999999
1256,3105,short,2025-10-01,2025-10-02,-39419.99999999988
1257,5880,long,2025-09-10,2025-10-03,-7786.324435318402
1258,3374,short,2025-10-02,2025-10-03,-39419.99999999979
1259,3293,short,2025-09-30,2025-10-08,-49274.99999999981
1260,2382,long,2025-09-11,2025-10-09,363086.1111111111
1261,1326,short,2025-10-03,2025-10-13,-282390.9090909094
1262,3078,long,2025-10-08,2025-10-13,-77699.9999999998
1263,3680,short,2025-10-13,2025-10-14,-98549.99999999975
1264,1101,short,2025-10-14,2025-10-15,-98549.9999999997
1265,3008,short,2025-10-15,2025-10-16,-65699.99999999988
1266,3105,short,2025-10-20,2025-10-23,-78812.67015706806
1267,2454,long,2025-10-21,2025-10-23,-46620.000000000226
1268,1326,short,2025-10-15,2025-10-29,-162004.93870402785
1269,2412,long,2025-10-23,2025-10-30,-46619.99999999984
1270,3611,long,2025-09-26,2025-10-31,110980.0
1271,1216,long,2025-10-21,2025-10-31,-22711.024020227087
1272,2633,long,2025-10-27,2025-10-31,-46620.00000000014
1273,3529,short,2025-10-31,2025-11-03,-39419.99999999989
1274,6180,short,2025-10-31,2025-11-03,-39419.99999999964
1275,2368,long,2025-10-31,2025-11-04,116295.35445757263
1276,2383,long,2025-10-29,2025-11-05,369444.00000000006
1277,3661,long,2025-10-30,2025-11-05,52026.79582712357
1278,2345,long,2025-11-03,2025-11-05,118310.23255813954
1279,1326,short,2025-11-04,2025-11-05,-39419.99999999987
1280,4938,short,2025-11-05,2025-11-06,-49274.999999999665
1281,1216,short,2025-11-05,2025-11-06,-49274.9999999998
1282,6462,short,2025-11-05,2025-11-07,-49275.00000000002
1283,3680,short,2025-11-06,2025-11-07,-49274.99999999967
1284,2891,long,2025-11-06,2025-11-07,-58274.999999999956
1285,2207,long,2025-11-07,2025-11-11,-50667.40994854246
1286,6188,long,2025-11-04,2025-11-12,-12433.280865715828
1287,3374,short,2025-11-11,2025-11-12,-39419.99999999993
1288,6188,long,2025-11-12,2025-11-13,-46620.0000000001
1289,2603,short,2025-11-11,2025-11-17,-65920.0
1290,3491,long,2025-11-13,2025-11-17,-46619.99999999994
1291,2412,long,2025-11-10,2025-11-18,-58275.0000000001
1292,3653,long,2025-11-12,2025-11-18,352685.2649006625
1293,5263,short,2025-11-17,2025-11-18,-49274.9999999995
1294,4162,short,2025-11-11,2025-11-19,-579085.4014598537
1295,4736,short,2025-11-19,2025-11-20,-65699.99999999968
1296,3680,short,2025-11-19,2025-11-21,-82018.161197641
1297,5263,short,2025-11-19,2025-11-21,-65699.9999999998
1298,6919,long,2025-11-20,2025-11-21,-77700.00000000003
1299,8436,short,2025-11-24,2025-11-25,-39419.99999999975
1300,2615,short,2025-11-24,2025-11-25,-39419.99999999986
1301,4162,short,2025-11-24,2025-11-25,-39419.999999999716
1302,5425,long,2025-11-21,2025-11-26,51879.99999999999
1303,2892,long,2025-11-25,2025-11-28,-46620.00000000016
1304,2882,long,2025-11-25,2025-11-28,-21200.645161290027
1305,2412,long,2025-11-21,2025-12-01,-37631.40684410628
1306,6510,long,2025-11-26,2025-12-01,132169.91596638662
1307,4749,long,2025-11-28,2025-12-01,-46619.99999999995
1308,4979,long,2025-11-25,2025-12-02,355143.54679802957
1309,2345,long,2025-11-28,2025-12-03,11038.536585365851
1310,2308,long,2025-12-02,2025-12-05,-22717.0677451972
1311,3661,long,2025-12-03,2025-12-08,-46619.999999999935
1312,4736,short,2025-12-08,2025-12-09,-39419.99999999983
1313,2382,long,2025-12-01,2025-12-10,39867.80487804897
1314,6182,long,2025-12-01,2025-12-10,2887.8534031415766
1315,2317,long,2025-12-09,2025-12-11,-46620.00000000006
1316,3661,long,2025-12-10,2025-12-11,-46620.00000000013
1317,1102,short,2025-12-10,2025-12-11,-39419.9999999996
1318,2059,long,2025-12-11,2025-12-12,-58275.0
1319,1402,short,2025-12-11,2025-12-12,-49274.99999999982
1320,3324,long,2025-12-12,2025-12-15,-77699.99999999991
1321,3260,long,2025-12-15,2025-12-16,-58275.000000000124
1322,3481,short,2025-12-16,2025-12-17,-49274.999999999636
1323,2379,short,2025-12-17,2025-12-18,-39419.99999999964
1324,3680,short,2025-12-18,2025-12-19,-39419.99999999966
1325,1101,short,2025-12-19,2025-12-22,-39419.99999999985
1326,2887,long,2025-12-05,2025-12-23,217411.16883116844
1327,2301,long,2025-12-22,2025-12-23,-46619.99999999986
1328,2880,long,2025-12-01,2025-12-30,186167.77589134139
